date,genre,label,value
2014-01-01,Pop / Rock,PRMD,1
2014-01-01,Tech House,Off Recordings,1
2014-01-01,Tech House,Santos Music,1
2014-01-01,Tech House,Formatik,1
2014-01-01,Tech House,Crosstown Rebels,1
2014-01-01,Tech House,Suara,2
2014-01-01,Tech House,Hollister Records,1
2014-01-01,Tech House,Toolroom Records,1
2014-01-01,Tech House,Pets Recordings,1
2014-01-01,Tech House,Terminal M,1
2014-01-01,House,Cr2 Records,1
2014-01-01,House,Starside Records,1
2014-01-01,House,PPMUSIC,1
2014-01-01,House,Hot Creations,1
2014-01-01,House,Lovenest Records,1
2014-01-01,House,X,1
2014-01-01,House,Sound Division,1
2014-01-01,House,KMS Records,1
2014-01-01,House,LoudBit,1
2014-01-01,House,Samui Recordings,1
2014-01-01,House,PornoStar Records,2
2014-01-01,House,Casa Rossa,1
2014-01-01,House,TeddyBear Records,1
2014-01-01,House,Cube Recordings,1
2014-01-01,DJ Tools,Fly House Records,1
2014-01-01,Electro House,LE7ELS,1
2014-01-01,Electro House,Hysteria Recs,1
2014-01-01,Electro House,Spinnin Records,8
2014-01-01,Electro House,So Much Dada,1
2014-01-01,Electro House,DOORN (Spinnin),4
2014-01-01,Electro House,PRMD,1
2014-01-01,Electro House,Lovenest Records,1
2014-01-01,Electro House,SmallDog Records,1
2014-01-01,Electro House,SPRS,2
2014-01-01,Electro House,Dim Mak Records,1
2014-01-01,Electro House,Showland,1
2014-01-01,Electro House,Skink,1
2014-01-01,Electro House,Ultra,1
2014-01-01,Electro House,Rising Music,1
2014-01-01,Techno,Suara,1
2014-01-01,Techno,DECIDE,1
2014-01-01,Techno,Drumcode,3
2014-01-01,Deep House,Defected,1
2014-01-01,Deep House,PRMD,1
2014-01-01,Deep House,Objektivity,1
2014-01-01,Deep House,Toolroom Records,1
2014-01-01,Deep House,Ellum Audio,1
2014-01-01,Deep House,Off Recordings,1
2014-01-01,Deep House,Life And Death,2
2014-01-01,Deep House,Big Beat/Atlantic Records/Ninja Tune,1
2014-01-01,Deep House,Spinnin Deep (Spinnin),1
2014-01-01,Deep House,Kraftek,1
2014-01-01,Deep House,Sound Division,1
2014-01-01,Deep House,Enormous Tunes,1
2014-01-01,Deep House,Aus Music,2
2014-01-01,Deep House,Musical Freedom,1
2014-01-01,Deep House,Hotflush Recordings,1
2014-01-01,Deep House,Circus Recordings,1
2014-01-01,Deep House,Kittball,1
2014-01-01,Indie Dance / Nu Disco,LouLou Records,1
2014-01-01,Indie Dance / Nu Disco,Milk & Sugar,1
2014-01-01,Indie Dance / Nu Disco,Electronique NU,1
2014-01-01,Indie Dance / Nu Disco,Chilli Mint Digital,1
2014-01-01,Indie Dance / Nu Disco,Sleazy G,2
2014-01-01,Indie Dance / Nu Disco,D.O.C.,1
2014-01-01,Indie Dance / Nu Disco,Erase Records,1
2014-01-01,Progressive House,PRMD,3
2014-01-01,Progressive House,Skint Records,1
2014-01-01,Progressive House,DOORN (Spinnin),1
2014-01-01,Progressive House,Protocol Recordings,2
2014-01-01,Progressive House,Spinnin Records,4
2014-01-01,Progressive House,Flamingo Recordings,1
2014-01-01,Progressive House,Revealed Recordings,4
2014-01-01,Progressive House,Columbia (Sony),1
2014-01-01,Progressive House,Pryda Recordings,1
2014-01-01,Progressive House,Musical Freedom,2
2014-01-01,Progressive House,Size Records,1
2014-02-01,Tech House,100% Pure,1
2014-02-01,Tech House,Basica Recordings,1
2014-02-01,Tech House,Santos Music,1
2014-02-01,Tech House,Formatik,1
2014-02-01,Tech House,Desolat,1
2014-02-01,Tech House,Suara,3
2014-02-01,Tech House,Vudu Records,1
2014-02-01,Tech House,Pets Recordings,1
2014-02-01,House,PPMUSIC,1
2014-02-01,House,Hot Creations,1
2014-02-01,House,Zulu Records,1
2014-02-01,House,Bootylicious,1
2014-02-01,House,SPRS,2
2014-02-01,House,LoudBit,2
2014-02-01,House,PornoStar Records,1
2014-02-01,House,Samui Recordings,1
2014-02-01,House,Casa Rossa,1
2014-02-01,House,Hotfingers,3
2014-02-01,Electro House,Hysteria Recs,1
2014-02-01,Electro House,Spinnin Records,8
2014-02-01,Electro House,Wall Recordings,2
2014-02-01,Electro House,Jack Back Records,1
2014-02-01,Electro House,PRMD,1
2014-02-01,Electro House,Hussle Recordings,1
2014-02-01,Electro House,SPRS,2
2014-02-01,Electro House,Dim Mak Records,1
2014-02-01,Electro House,Revealed Recordings,1
2014-02-01,Electro House,Juicy Music,1
2014-02-01,Electro House,OWSLA,2
2014-02-01,Electro House,Skink,1
2014-02-01,Electro House,Musical Freedom,2
2014-02-01,Electro House,DOORN (Spinnin),2
2014-02-01,Techno,Avotre,1
2014-02-01,Techno,Suara,1
2014-02-01,Techno,Drumcode,3
2014-02-01,Deep House,PRMD,1
2014-02-01,Deep House,Musical Freedom,1
2014-02-01,Deep House,Off Recordings,2
2014-02-01,Deep House,Aus Music,1
2014-02-01,Deep House,Enormous Tunes,2
2014-02-01,Deep House,Miniaturesrec,1
2014-02-01,Deep House,Lapsus Music,1
2014-02-01,Deep House,School Records,1
2014-02-01,Deep House,Spinnin Deep (Spinnin),1
2014-02-01,Deep House,Kraftek,1
2014-02-01,Deep House,Objektivity,1
2014-02-01,Deep House,Life And Death,1
2014-02-01,Deep House,Toolroom Records,1
2014-02-01,Deep House,Ultra,1
2014-02-01,Deep House,Hotflush Recordings,1
2014-02-01,Deep House,Circus Recordings,1
2014-02-01,Deep House,Kittball,1
2014-02-01,Indie Dance / Nu Disco,LouLou Records,1
2014-02-01,Indie Dance / Nu Disco,Enormous Tunes,1
2014-02-01,Indie Dance / Nu Disco,Electronique NU,1
2014-02-01,Indie Dance / Nu Disco,Erase Records,1
2014-02-01,Indie Dance / Nu Disco,Sleazy G,1
2014-02-01,Indie Dance / Nu Disco,Milk & Sugar,1
2014-02-01,Indie Dance / Nu Disco,Blas Boys Club (VER LTD),1
2014-02-01,Indie Dance / Nu Disco,D.O.C.,1
2014-02-01,Indie Dance / Nu Disco,Chilli Mint Digital,1
2014-02-01,Indie Dance / Nu Disco,Kittball,1
2014-02-01,Trance,Enhanced Progressive,1
2014-02-01,Trance,A State Of Trance,1
2014-02-01,Trance,Anjunabeats,1
2014-02-01,Progressive House,PRMD,1
2014-02-01,Progressive House,Skint Records,1
2014-02-01,Progressive House,Mixmash Records,1
2014-02-01,Progressive House,Protocol Recordings,1
2014-02-01,Progressive House,Spinnin Records,2
2014-02-01,Progressive House,Flamingo Recordings,1
2014-02-01,Progressive House,Revealed Recordings,3
2014-02-01,Progressive House,Big Beat Records,1
2014-02-01,Progressive House,Axtone Records,1
2014-02-01,Progressive House,Art & Music Recording,1
2014-02-01,Progressive House,Columbia (Sony),1
2014-02-01,Progressive House,Atlantic Records,1
2014-02-01,Progressive House,Musical Freedom,1
2014-02-01,Progressive House,Size Records,2
2014-02-01,Hip-Hop,PRMD,1
2014-02-01,Hip-Hop,SPRS,1
2014-03-01,Indie Dance / Nu Disco,LouLou Records,1
2014-03-01,Indie Dance / Nu Disco,Enormous Tunes,1
2014-03-01,Indie Dance / Nu Disco,Sleazy G,1
2014-03-01,Trance,Armind (Armada),1
2014-03-01,Trance,Anjunabeats,2
2014-03-01,Electro House,LE7ELS,1
2014-03-01,Electro House,PRMD,1
2014-03-01,Electro House,Spinnin Records,9
2014-03-01,Electro House,Musical Freedom,1
2014-03-01,Electro House,Mixmash Records,1
2014-03-01,Electro House,DOORN (Spinnin),2
2014-03-01,Electro House,Lollywood (17:44),1
2014-03-01,Electro House,Pop Rox Muzik,1
2014-03-01,Electro House,Dim Mak Records,2
2014-03-01,Electro House,Virus T Studio Records,1
2014-03-01,Electro House,Big Beat Records,1
2014-03-01,Electro House,Powerhouse Music,1
2014-03-01,Electro House,Skink,1
2014-03-01,Electro House,Ultra,2
2014-03-01,Electro House,Jack Back Records,1
2014-03-01,Techno,Life And Death,1
2014-03-01,Techno,Over,1
2014-03-01,Techno,Drumcode,1
2014-03-01,Techno,Gate Null Recordings,1
2014-03-01,Techno,Supernature,1
2014-03-01,Techno,Octopus Records,1
2014-03-01,Deep House,Material,1
2014-03-01,Deep House,PRMD,1
2014-03-01,Deep House,Musical Freedom,1
2014-03-01,Deep House,Z Records,1
2014-03-01,Deep House,Off Recordings,4
2014-03-01,Deep House,Suara,1
2014-03-01,Deep House,Enormous Tunes,1
2014-03-01,Deep House,Miniaturesrec,1
2014-03-01,Deep House,Lapsus Music,1
2014-03-01,Deep House,Spinnin Deep (Spinnin),1
2014-03-01,Deep House,Flamingo Recordings,1
2014-03-01,Deep House,Crosstown Rebels,1
2014-03-01,Deep House,Yellow Productions,1
2014-03-01,Deep House,Exploited,2
2014-03-01,Deep House,Stil Vor Talent,1
2014-03-01,Deep House,Hive Audio,1
2014-03-01,Deep House,Life And Death,2
2014-03-01,Deep House,Toolroom Records,1
2014-03-01,Deep House,Ultra,1
2014-03-01,Deep House,Innervisions,1
2014-03-01,Deep House,Kittball,1
2014-03-01,Tech House,303Lovers,1
2014-03-01,Tech House,Hot Creations,1
2014-03-01,Tech House,Keinemusik,1
2014-03-01,Tech House,Systematic Recordings,1
2014-03-01,Tech House,Suara,1
2014-03-01,Tech House,Sphera Records,1
2014-03-01,Tech House,Toolroom Records,1
2014-03-01,Tech House,Vudu Records,1
2014-03-01,Tech House,Pets Recordings,1
2014-03-01,House,dirtybird,1
2014-03-01,House,Spinnin Records,1
2014-03-01,House,Ultra,1
2014-03-01,House,Cube Recordings,1
2014-03-01,House,Off Recordings,1
2014-03-01,House,Lovenest Records,1
2014-03-01,House,Great Stuff Recordings,1
2014-03-01,House,SPRS,1
2014-03-01,House,PornoStar Records,1
2014-03-01,House,Hotfingers,1
2014-03-01,House,Anjunadeep,1
2014-03-01,Progressive House,Skint Records,1
2014-03-01,Progressive House,Spinnin Records,1
2014-03-01,Progressive House,Zouk Recordings (Armada Music),1
2014-03-01,Progressive House,Protocol Recordings,3
2014-03-01,Progressive House,Mainstage Music (Armada Music),1
2014-03-01,Progressive House,Garuda,1
2014-03-01,Progressive House,Xtravaganza,1
2014-03-01,Progressive House,Armada Music,1
2014-03-01,Progressive House,Revealed Recordings,6
2014-03-01,Progressive House,SPRS,1
2014-03-01,Progressive House,Armind (Armada),1
2014-03-01,Progressive House,Onelove,1
2014-03-01,Progressive House,Armada Trice,2
2014-03-01,Progressive House,Axtone Records,1
2014-03-01,Progressive House,Musical Freedom,1
2014-03-01,Progressive House,6K Music (Armada Music),1
2014-03-01,Progressive House,Size Records,1
2014-04-01,Tech House,dirtybird,1
2014-04-01,Tech House,Parlophone UK,1
2014-04-01,Tech House,Rumors,1
2014-04-01,Tech House,Hot Creations,1
2014-04-01,Tech House,Ellum Audio,3
2014-04-01,Tech House,303Lovers,1
2014-04-01,Tech House,Smiley Fingers,1
2014-04-01,Tech House,Sphera Records,1
2014-04-01,Tech House,Avotre,1
2014-04-01,Tech House,Noir Music,1
2014-04-01,House,dirtybird,1
2014-04-01,House,Mixmash Records,1
2014-04-01,House,SPRS,1
2014-04-01,House,Vicious,1
2014-04-01,House,2SONIC Records,1
2014-04-01,House,Whore House,1
2014-04-01,House,Atlantic Records UK,1
2014-04-01,House,LoudBit,1
2014-04-01,House,Toolroom Records,1
2014-04-01,House,InStereo Recordings,1
2014-04-01,House,PornoStar Records,1
2014-04-01,House,Casa Rossa,1
2014-04-01,House,Hotfingers,2
2014-04-01,House,Cajual Records,1
2014-04-01,Electro House,LE7ELS,1
2014-04-01,Electro House,PRMD,1
2014-04-01,Electro House,Spinnin Records,6
2014-04-01,Electro House,Bonnies Records,1
2014-04-01,Electro House,Jack Back Records,2
2014-04-01,Electro House,Smash The House,1
2014-04-01,Electro House,Rising Music,1
2014-04-01,Electro House,Oxygen,1
2014-04-01,Electro House,Hussle Recordings,1
2014-04-01,Electro House,Musical Noize,1
2014-04-01,Electro House,Dim Mak Records,1
2014-04-01,Electro House,IBZ Records,1
2014-04-01,Electro House,Twerkout Music,1
2014-04-01,Electro House,RCA/Sony Latin Iberia,1
2014-04-01,Electro House,Mad Decent,1
2014-04-01,Electro House,Skink,1
2014-04-01,Electro House,Musical Freedom,2
2014-04-01,Electro House,Ultra,3
2014-04-01,Electro House,Preston Recordings,1
2014-04-01,Electro House,DOORN (Spinnin),2
2014-04-01,Techno,Gain Records,1
2014-04-01,Techno,Saved Records,1
2014-04-01,Techno,Stickrecordings,1
2014-04-01,Deep House,Defected,1
2014-04-01,Deep House,Kittball,1
2014-04-01,Deep House,Ultra,1
2014-04-01,Deep House,Blaufield,1
2014-04-01,Deep House,Innervisions,1
2014-04-01,Deep House,Monaberry,1
2014-04-01,Deep House,Enormous Tunes,1
2014-04-01,Deep House,Material,1
2014-04-01,Deep House,1605,1
2014-04-01,Deep House,Off Recordings,1
2014-04-01,Deep House,Get Physical Music,1
2014-04-01,Deep House,M Recordings (Armada Music),1
2014-04-01,Deep House,Suara,1
2014-04-01,Deep House,Glasgow Underground,1
2014-04-01,Deep House,Toolroom Records,1
2014-04-01,Deep House,Musical Freedom,1
2014-04-01,Deep House,Z Records,1
2014-04-01,Indie Dance / Nu Disco,LouLou Records,1
2014-04-01,Indie Dance / Nu Disco,Smiley Fingers,1
2014-04-01,Indie Dance / Nu Disco,Enormous Tunes,3
2014-04-01,Trance,Armind (Armada),1
2014-04-01,Trance,Mainstage Music (Armada Music),1
2014-04-01,Trance,Re*Brand,1
2014-04-01,Trance,Anjunabeats,1
2014-04-01,Progressive House,Spinnin Records,2
2014-04-01,Progressive House,Armind (Armada),1
2014-04-01,Progressive House,DOORN (Spinnin),1
2014-04-01,Progressive House,Protocol Recordings,2
2014-04-01,Progressive House,Mainstage Music (Armada Music),1
2014-04-01,Progressive House,Garuda,2
2014-04-01,Progressive House,Flamingo Recordings,1
2014-04-01,Progressive House,Revealed Recordings,3
2014-04-01,Progressive House,Pryda Recordings,1
2014-04-01,Progressive House,Ultra,2
2014-04-01,Progressive House,Universal-Island Records Ltd.,1
2014-04-01,Progressive House,Virgin EMI,1
2014-05-01,Tech House,Parlophone UK,1
2014-05-01,Tech House,Ellum Audio,1
2014-05-01,Tech House,Hot Creations,2
2014-05-01,Tech House,Off Recordings,1
2014-05-01,Tech House,Monaberry,1
2014-05-01,Tech House,Murk Records,1
2014-05-01,Tech House,Rejected,1
2014-05-01,Tech House,Kompakt,1
2014-05-01,Tech House,Smiley Fingers,1
2014-05-01,Tech House,Whore House,1
2014-05-01,Tech House,Saved Records,1
2014-05-01,Tech House,Paul Kalkbrenner Musik,1
2014-05-01,Tech House,Aus Music,1
2014-05-01,Tech House,Avotre,1
2014-05-01,Tech House,Noir Music,1
2014-05-01,Tech House,Cajual Records,1
2014-05-01,Tech House,DFTD,1
2014-05-01,House,dirtybird,1
2014-05-01,House,Hotfingers,1
2014-05-01,House,Cube Recordings,1
2014-05-01,House,SPRS,1
2014-05-01,House,Vicious,1
2014-05-01,House,Spinnin Deep (Spinnin),1
2014-05-01,House,Whore House,1
2014-05-01,House,Atlantic Records UK,1
2014-05-01,House,LoudBit,1
2014-05-01,House,PornoStar Records,1
2014-05-01,House,InStereo Recordings,1
2014-05-01,House,Toolroom Records,1
2014-05-01,House,Atlantic Records,1
2014-05-01,House,Ultra,1
2014-05-01,House,Universal-Island Records Ltd.,1
2014-05-01,Electro House,Hysteria Recs,2
2014-05-01,Electro House,Spinnin Records,6
2014-05-01,Electro House,Downright,1
2014-05-01,Electro House,Mixmash Records,1
2014-05-01,Electro House,DOORN (Spinnin),3
2014-05-01,Electro House,Smash The House,1
2014-05-01,Electro House,Tiger Records,1
2014-05-01,Electro House,Homebrew Records,1
2014-05-01,Electro House,Dim Mak Records,1
2014-05-01,Electro House,AVANTINOVA,1
2014-05-01,Electro House,Mad Decent,1
2014-05-01,Electro House,Skink,1
2014-05-01,Electro House,Ultra,2
2014-05-01,Electro House,Musical Freedom,2
2014-05-01,Electro House,Size Records,1
2014-05-01,Electro House,Jack Back Records,1
2014-05-01,Techno,Intec,1
2014-05-01,Techno,Gruuv,1
2014-05-01,Techno,Saved Records,1
2014-05-01,Deep House,Defected,1
2014-05-01,Deep House,Spinnin Records,1
2014-05-01,Deep House,Exploited,1
2014-05-01,Deep House,Roklyfe,1
2014-05-01,Deep House,Monaberry,1
2014-05-01,Deep House,Enormous Tunes,1
2014-05-01,Deep House,Material,1
2014-05-01,Deep House,Musical Noize Deep (Musical Noize),1
2014-05-01,Deep House,BOSO,1
2014-05-01,Deep House,Sound Division,2
2014-05-01,Deep House,Toolroom Records,1
2014-05-01,Deep House,Musical Freedom,1
2014-05-01,Deep House,Ultra,1
2014-05-01,Deep House,Get Physical Music,1
2014-05-01,Deep House,Objektivity,1
2014-05-01,Indie Dance / Nu Disco,Smiley Fingers,1
2014-05-01,Indie Dance / Nu Disco,Enormous Tunes,2
2014-05-01,Trance,Armind (Armada),1
2014-05-01,Progressive House,Garuda,1
2014-05-01,Progressive House,Spinnin Records,1
2014-05-01,Progressive House,Armind (Armada),2
2014-05-01,Progressive House,Staar Traxx,1
2014-05-01,Progressive House,Anjunabeats,1
2014-05-01,Progressive House,Mainstage Music (Armada Music),1
2014-05-01,Progressive House,Protocol Recordings,2
2014-05-01,Progressive House,SPRS,1
2014-05-01,Progressive House,Diffused Music,1
2014-05-01,Progressive House,Revealed Recordings,4
2014-05-01,Progressive House,Big Beat Records,1
2014-05-01,Progressive House,Axtone Records,2
2014-05-01,Progressive House,Columbia (Sony),1
2014-05-01,Progressive House,Pryda Recordings,1
2014-05-01,Progressive House,Ultra,1
2014-05-01,Progressive House,Universal-Island Records Ltd.,1
2014-06-01,Indie Dance / Nu Disco,Enormous Tunes,3
2014-06-01,Indie Dance / Nu Disco,Kompakt,1
2014-06-01,Indie Dance / Nu Disco,Smiley Fingers,1
2014-06-01,Indie Dance / Nu Disco,CUFF,1
2014-06-01,Indie Dance / Nu Disco,Paul Kalkbrenner Musik,1
2014-06-01,Indie Dance / Nu Disco,Atlantic Records,1
2014-06-01,Electronica,Bpitch Control,1
2014-06-01,House,dirtybird,1
2014-06-01,House,Starside Records,1
2014-06-01,House,Metal & Dust Recordings Ltd,1
2014-06-01,House,SPRS,1
2014-06-01,House,Vicious,1
2014-06-01,House,Spinnin Deep (Spinnin),1
2014-06-01,House,Whore House,1
2014-06-01,House,InStereo Recordings,2
2014-06-01,House,Atlantic Records,1
2014-06-01,House,Universal-Island Records Ltd.,1
2014-06-01,House,Guesthouse Music,1
2014-06-01,Electro House,Hysteria Recs,3
2014-06-01,Electro House,Spinnin Records,7
2014-06-01,Electro House,Mixmash Records,1
2014-06-01,Electro House,DOORN (Spinnin),1
2014-06-01,Electro House,Smash The House,1
2014-06-01,Electro House,DJ Center Records,2
2014-06-01,Electro House,mau5trap,2
2014-06-01,Electro House,Musical Freedom,2
2014-06-01,Electro House,Size Records,1
2014-06-01,Electro House,Jack Back Records,1
2014-06-01,Techno,Nonplus Records,1
2014-06-01,Techno,Intec,1
2014-06-01,Techno,Gruuv,1
2014-06-01,Techno,Drumcode,1
2014-06-01,Techno,Suara,1
2014-06-01,Techno,Hotflush Recordings,1
2014-06-01,Deep House,Defected,1
2014-06-01,Deep House,dirtybird,1
2014-06-01,Deep House,Exploited,1
2014-06-01,Deep House,Innervisions,1
2014-06-01,Deep House,Suara,1
2014-06-01,Deep House,Enormous Tunes,1
2014-06-01,Deep House,Spinnin Deep (Spinnin),1
2014-06-01,Deep House,Aus Music,1
2014-06-01,Deep House,Get Physical Music,1
2014-06-01,Deep House,BOSO,1
2014-06-01,Deep House,Sintope Digital,1
2014-06-01,Deep House,Toolroom Records,1
2014-06-01,Deep House,Musical Freedom,1
2014-06-01,Deep House,Ultra,1
2014-06-01,Deep House,Anjunadeep,2
2014-06-01,Deep House,Cr2 Underground,1
2014-06-01,Tech House,Rumors,1
2014-06-01,Tech House,Hot Creations,1
2014-06-01,Tech House,Off Recordings,1
2014-06-01,Tech House,Monaberry,1
2014-06-01,Tech House,Kittball,1
2014-06-01,Tech House,Rejected,1
2014-06-01,Tech House,Kompakt,1
2014-06-01,Tech House,Whore House,1
2014-06-01,Tech House,Play It Say It,1
2014-06-01,Tech House,Play It Down,1
2014-06-01,Tech House,Kinetika Records,1
2014-06-01,Tech House,Warung Recordings,1
2014-06-01,Tech House,Cajual Records,1
2014-06-01,Tech House,Saved Records,1
2014-06-01,Tech House,Poker Flat Recordings,1
2014-06-01,Trance,Subculture,1
2014-06-01,Trance,Anjunabeats,1
2014-06-01,Progressive House,Spinnin Records,2
2014-06-01,Progressive House,Armind (Armada),1
2014-06-01,Progressive House,DOORN (Spinnin),1
2014-06-01,Progressive House,Protocol Recordings,1
2014-06-01,Progressive House,Harem Records,1
2014-06-01,Progressive House,Refune Records,1
2014-06-01,Progressive House,SPRS,2
2014-06-01,Progressive House,Revealed Recordings,5
2014-06-01,Progressive House,Big Beat Records,1
2014-06-01,Progressive House,Epic/MJJ,1
2014-06-01,Progressive House,Anjunabeats,1
2014-06-01,Progressive House,Columbia (Sony),1
2014-06-01,Progressive House,Metanoia Music,1
2014-06-01,Progressive House,Fake Music,1
2014-06-01,Progressive House,mau5trap,1
2014-06-01,Progressive House,Art & Music Recording,1
2014-06-01,Progressive House,Axtone Records,1
2014-06-01,Progressive House,Size Records,1
2014-06-01,Progressive House,Armada Trice,1
2014-07-01,Tech House,Pampa Records,1
2014-07-01,Tech House,Hot Creations,1
2014-07-01,Tech House,Smiley Fingers,1
2014-07-01,Tech House,Monaberry,1
2014-07-01,Tech House,Rejected,1
2014-07-01,Tech House,Kompakt,1
2014-07-01,Tech House,Knee Deep In Sound,2
2014-07-01,Tech House,Suara,2
2014-07-01,Tech House,Whore House,1
2014-07-01,Tech House,Poker Flat Recordings,1
2014-07-01,Tech House,Kinetika Records,1
2014-07-01,Tech House,Keinemusik,2
2014-07-01,Tech House,Cajual Records,1
2014-07-01,Tech House,Minus,1
2014-07-01,Tech House,Saved Records,1
2014-07-01,Tech House,Warung Recordings,1
2014-07-01,Electronica,Bpitch Control,1
2014-07-01,House,dirtybird,1
2014-07-01,House,Metal & Dust Recordings Ltd,1
2014-07-01,House,Zulu Records,1
2014-07-01,House,SPRS,1
2014-07-01,House,Whore House,1
2014-07-01,House,LoudBit,1
2014-07-01,House,InStereo Recordings,1
2014-07-01,House,Toolroom Records,2
2014-07-01,House,Atlantic Records,1
2014-07-01,House,Hotfingers,1
2014-07-01,Electro House,Spinnin Records,7
2014-07-01,Electro House,Jack Back Records,2
2014-07-01,Electro House,Smash The House,2
2014-07-01,Electro House,Columbia (Sony),1
2014-07-01,Electro House,Hussle Recordings,1
2014-07-01,Electro House,Dim Mak,1
2014-07-01,Electro House,Wall Recordings,1
2014-07-01,Electro House,FFRR,1
2014-07-01,Electro House,d:vision,1
2014-07-01,Electro House,DOORN (Spinnin),1
2014-07-01,Techno,Nonplus Records,1
2014-07-01,Techno,SCI+TEC,1
2014-07-01,Techno,Drumcode,1
2014-07-01,Techno,Suara,1
2014-07-01,Techno,Alleanza,1
2014-07-01,Techno,Hotflush Recordings,1
2014-07-01,Deep House,Defected,2
2014-07-01,Deep House,Exploited,1
2014-07-01,Deep House,Rumors,1
2014-07-01,Deep House,Ellum Audio,1
2014-07-01,Deep House,Off Recordings,1
2014-07-01,Deep House,Suara,1
2014-07-01,Deep House,Enormous Tunes,1
2014-07-01,Deep House,Kittball,1
2014-07-01,Deep House,Spinnin Deep (Spinnin),2
2014-07-01,Deep House,BOSO,1
2014-07-01,Deep House,DFTD,2
2014-07-01,Deep House,Noir Music,1
2014-07-01,Deep House,Musical Freedom,1
2014-07-01,Deep House,Ultra,1
2014-07-01,Deep House,Anjunadeep,2
2014-07-01,Deep House,Moda Black,1
2014-07-01,Deep House,Materialism,1
2014-07-01,Indie Dance / Nu Disco,Kompakt,1
2014-07-01,Indie Dance / Nu Disco,Smiley Fingers,1
2014-07-01,Indie Dance / Nu Disco,Bunny Tiger,1
2014-07-01,Indie Dance / Nu Disco,Enormous Tunes,2
2014-07-01,Trance,Wake Your Mind Records,1
2014-07-01,Progressive House,Hysteria Recs,1
2014-07-01,Progressive House,Spinnin Records,5
2014-07-01,Progressive House,Armind (Armada),1
2014-07-01,Progressive House,DOORN (Spinnin),1
2014-07-01,Progressive House,Protocol Recordings,3
2014-07-01,Progressive House,Anjunabeats,1
2014-07-01,Progressive House,Mainstage Music (Armada Music),1
2014-07-01,Progressive House,Revealed Recordings,4
2014-07-01,Progressive House,Big Beat Records,1
2014-07-01,Progressive House,Axtone Records,1
2014-07-01,Progressive House,Columbia (Sony),1
2014-07-01,Progressive House,Size Records,2
2014-07-01,Hip-Hop,Columbia (Sony),1
2014-08-01,Indie Dance / Nu Disco,Enormous Tunes,2
2014-08-01,Indie Dance / Nu Disco,CUFF,1
2014-08-01,Indie Dance / Nu Disco,Bunny Tiger,1
2014-08-01,Electronica,Monkeytown Records,1
2014-08-01,House,dirtybird,1
2014-08-01,House,Real Time Records,1
2014-08-01,House,Zulu Records,2
2014-08-01,House,SPRS,2
2014-08-01,House,Spinnin Deep (Spinnin),1
2014-08-01,House,Toolroom Records,1
2014-08-01,House,Metal & Dust Recordings Ltd,1
2014-08-01,House,FFRR,1
2014-08-01,House,Moda Black,1
2014-08-01,Electro House,Digital Distribution Latvia,1
2014-08-01,Electro House,Spinnin Records,4
2014-08-01,Electro House,Hussle Recordings,1
2014-08-01,Electro House,Mixmash Records,1
2014-08-01,Electro House,Musical Noize,1
2014-08-01,Electro House,Smash The House,1
2014-08-01,Electro House,What A Music,3
2014-08-01,Electro House,Refune Records,1
2014-08-01,Electro House,Dim Mak Records,1
2014-08-01,Electro House,Fly Eye Records,1
2014-08-01,Electro House,Skink,1
2014-08-01,Electro House,Dim Mak,1
2014-08-01,Electro House,Ultra,3
2014-08-01,Electro House,Columbia (Sony),1
2014-08-01,Techno,Kompakt,1
2014-08-01,Techno,SCI+TEC,1
2014-08-01,Techno,Suara,1
2014-08-01,Techno,Minus,2
2014-08-01,Techno,Octopus Records,1
2014-08-01,Deep House,Defected,2
2014-08-01,Deep House,Mind of A Genius,1
2014-08-01,Deep House,BOSO,1
2014-08-01,Deep House,Exploited,1
2014-08-01,Deep House,Maeve,1
2014-08-01,Deep House,Diynamic,1
2014-08-01,Deep House,Off Recordings,1
2014-08-01,Deep House,Life And Death,1
2014-08-01,Deep House,Last Night On Earth,1
2014-08-01,Deep House,17 Steps,2
2014-08-01,Deep House,Spinnin Deep (Spinnin),3
2014-08-01,Deep House,Virgin Records Ltd,1
2014-08-01,Deep House,Suara,2
2014-08-01,Deep House,Enormous Tunes,1
2014-08-01,Deep House,Aus Music,1
2014-08-01,Deep House,Tsuba,1
2014-08-01,Deep House,Ultra,1
2014-08-01,Tech House,dirtybird,2
2014-08-01,Tech House,Born Electric,1
2014-08-01,Tech House,Blackflag Recordings,1
2014-08-01,Tech House,Hot Creations,1
2014-08-01,Tech House,Innervisions,1
2014-08-01,Tech House,Clarisse Records,1
2014-08-01,Tech House,17 Steps,1
2014-08-01,Tech House,Kompakt,3
2014-08-01,Tech House,Mobilee Records,1
2014-08-01,Tech House,Suara,1
2014-08-01,Tech House,Toolroom Records,1
2014-08-01,Tech House,Keinemusik,1
2014-08-01,Tech House,Noir Music,1
2014-08-01,Tech House,Minus,1
2014-08-01,Tech House,Warung Recordings,1
2014-08-01,Trance,Flashover Recordings,1
2014-08-01,Progressive House,Spinnin Records,2
2014-08-01,Progressive House,DOORN (Spinnin),2
2014-08-01,Progressive House,Anjunabeats,1
2014-08-01,Progressive House,What A Music,1
2014-08-01,Progressive House,Protocol Recordings,1
2014-08-01,Progressive House,Flamingo Recordings,1
2014-08-01,Progressive House,Revealed Recordings,4
2014-08-01,Progressive House,Kid Coconut,1
2014-08-01,Progressive House,Epic/MJJ,1
2014-08-01,Progressive House,Metanoia Music,1
2014-08-01,Progressive House,Armada Music,1
2014-08-01,Progressive House,FFRR,1
2014-08-01,Progressive House,Size Records,2
2014-09-01,Indie Dance / Nu Disco,LouLou Records,1
2014-09-01,Indie Dance / Nu Disco,Milk & Sugar,1
2014-09-01,Indie Dance / Nu Disco,City Slang,1
2014-09-01,Indie Dance / Nu Disco,CUFF,1
2014-09-01,Indie Dance / Nu Disco,Enormous Tunes,1
2014-09-01,Electronica,XL Recordings,1
2014-09-01,Electronica,Monkeytown Records,1
2014-09-01,House,dirtybird,1
2014-09-01,House,Defected,1
2014-09-01,House,Spinnin Records,2
2014-09-01,House,Real Time Records,1
2014-09-01,House,Off Recordings,1
2014-09-01,House,Zulu Records,2
2014-09-01,House,SPRS,1
2014-09-01,House,Spinnin Deep (Spinnin),1
2014-09-01,House,303Lovers,1
2014-09-01,House,Big Beat Records,1
2014-09-01,House,Knee Deep In Sound,2
2014-09-01,House,Sphera Records,1
2014-09-01,House,Toolroom Records,1
2014-09-01,House,FFRR,2
2014-09-01,House,Moda Black,1
2014-09-01,House,Metal & Dust Recordings Ltd,1
2014-09-01,Electro House,LE7ELS,1
2014-09-01,Electro House,Spinnin Records,6
2014-09-01,Electro House,WOLV,1
2014-09-01,Electro House,DOORN (Spinnin),1
2014-09-01,Electro House,Smash The House,1
2014-09-01,Electro House,Refune Records,1
2014-09-01,Electro House,Flamingo Recordings,1
2014-09-01,Electro House,Hit The Club,1
2014-09-01,Electro House,Magik Muzik,1
2014-09-01,Electro House,Fly Eye Records,2
2014-09-01,Electro House,Skink,1
2014-09-01,Electro House,OWSLA,1
2014-09-01,Electro House,Spinnin' Remixes,1
2014-09-01,Techno,Prime Numbers,1
2014-09-01,Techno,Stickrecordings,1
2014-09-01,Techno,SCI+TEC,1
2014-09-01,Techno,Drumcode,1
2014-09-01,Techno,Kompakt,1
2014-09-01,Techno,ELEVATE,1
2014-09-01,Techno,Suara,1
2014-09-01,Techno,Tronic,1
2014-09-01,Techno,Minus,1
2014-09-01,Techno,Octopus Records,1
2014-09-01,Deep House,Defected,5
2014-09-01,Deep House,Mind of A Genius,1
2014-09-01,Deep House,Spinnin Records,1
2014-09-01,Deep House,Virgin Records Ltd,1
2014-09-01,Deep House,Innervisions,1
2014-09-01,Deep House,Suara,3
2014-09-01,Deep House,Young Alaska,1
2014-09-01,Deep House,Life And Death,1
2014-09-01,Deep House,17 Steps,1
2014-09-01,Deep House,Rebirth,1
2014-09-01,Deep House,Spinnin Deep (Spinnin),1
2014-09-01,Deep House,BOSO,1
2014-09-01,Deep House,Exploited,2
2014-09-01,Deep House,Relief Records,1
2014-09-01,Deep House,Ultra,1
2014-09-01,Deep House,Anjunadeep,1
2014-09-01,Tech House,dirtybird,2
2014-09-01,Tech House,Ellum Audio,1
2014-09-01,Tech House,Hot Creations,1
2014-09-01,Tech House,Clarisse Records,1
2014-09-01,Tech House,Relief Records,1
2014-09-01,Tech House,Kompakt,2
2014-09-01,Tech House,8Bit,1
2014-09-01,Tech House,Sphera Records,1
2014-09-01,Tech House,Keinemusik,1
2014-09-01,Tech House,FFRR,1
2014-09-01,Tech House,Blackflag Recordings,1
2014-09-01,Trance,Subculture,1
2014-09-01,Trance,Wake Your Mind Records,1
2014-09-01,Trance,Armind (Armada),1
2014-09-01,Progressive House,DOORN (Spinnin),1
2014-09-01,Progressive House,Protocol Recordings,1
2014-09-01,Progressive House,What A Music,1
2014-09-01,Progressive House,Revealed Recordings,3
2014-09-01,Progressive House,Epic/MJJ,1
2014-09-01,Progressive House,FFRR,1
2014-09-01,Drum & Bass,Vision Recordings,1
2014-10-01,Tech House,dirtybird,1
2014-10-01,Tech House,303Lovers,1
2014-10-01,Tech House,Ellum Audio,1
2014-10-01,Tech House,Hot Creations,2
2014-10-01,Tech House,Clarisse Records,1
2014-10-01,Tech House,Sphera Records,1
2014-10-01,Tech House,Gruuv,1
2014-10-01,Tech House,Different Attitudes,1
2014-10-01,Tech House,Go Deeva Records,1
2014-10-01,Tech House,Suara,1
2014-10-01,Tech House,Ego,1
2014-10-01,Tech House,Relief Records,1
2014-10-01,Tech House,Kinetika Records,1
2014-10-01,Tech House,Noir Music,1
2014-10-01,Tech House,Desolat,1
2014-10-01,Tech House,Hedonism Music,1
2014-10-01,Electronica,City Slang,1
2014-10-01,Electronica,Monkeytown Records,1
2014-10-01,House,Spinnin Records,3
2014-10-01,House,Real Time Records,1
2014-10-01,House,Zulu Records,1
2014-10-01,House,Spinnin Deep (Spinnin),1
2014-10-01,House,Knee Deep In Sound,1
2014-10-01,House,Juicy Music,1
2014-10-01,House,Spinnin' Remixes,1
2014-10-01,House,Sphera Records,1
2014-10-01,House,FFRR,1
2014-10-01,House,Trax Records,1
2014-10-01,Electro House,Spinnin Records,5
2014-10-01,Electro House,Ultra,1
2014-10-01,Electro House,DOORN (Spinnin),1
2014-10-01,Electro House,Smash The House,2
2014-10-01,Electro House,Musical Noize,1
2014-10-01,Electro House,SPRS,1
2014-10-01,Electro House,Xtravaganza,1
2014-10-01,Electro House,Dim Mak Records,1
2014-10-01,Electro House,Revealed Recordings,1
2014-10-01,Electro House,Fly Eye Records,1
2014-10-01,Electro House,Joy Records,1
2014-10-01,Electro House,Musical Freedom,1
2014-10-01,Electro House,Spinnin' Remixes,1
2014-10-01,Techno,Ideal Audio,1
2014-10-01,Techno,SCI+TEC,1
2014-10-01,Techno,Drumcode,2
2014-10-01,Techno,Kompakt,1
2014-10-01,Techno,Crosstown Rebels,1
2014-10-01,Techno,Hotflush Recordings,2
2014-10-01,Techno,Desolat,1
2014-10-01,Techno,Minus,1
2014-10-01,Deep House,Defected,3
2014-10-01,Deep House,One More Tune (OMT),1
2014-10-01,Deep House,Spinnin Records,2
2014-10-01,Deep House,Noir Music,1
2014-10-01,Deep House,Spinnin Deep (Spinnin),1
2014-10-01,Deep House,Polydor (UK),1
2014-10-01,Deep House,Danse Club Records,1
2014-10-01,Deep House,96 Musique,1
2014-10-01,Deep House,Exploited,3
2014-10-01,Deep House,BOSO,1
2014-10-01,Deep House,Ultra,1
2014-10-01,Deep House,DFTD,2
2014-10-01,Indie Dance / Nu Disco,LouLou Records,1
2014-10-01,Indie Dance / Nu Disco,Enormous Tunes,1
2014-10-01,Indie Dance / Nu Disco,FFRR,1
2014-10-01,Indie Dance / Nu Disco,Erase Records,1
2014-10-01,Indie Dance / Nu Disco,Bunny Tiger,1
2014-10-01,Trance,Captivating Sounds,1
2014-10-01,Progressive House,Spinnin Records,5
2014-10-01,Progressive House,Mainstage Music (Armada Music),1
2014-10-01,Progressive House,SPRS,1
2014-10-01,Progressive House,Cr2 Records,2
2014-10-01,Progressive House,Audio Arkade,1
2014-10-01,Progressive House,Revealed Recordings,4
2014-10-01,Progressive House,Sony Music Entertainment International Limited,1
2014-10-01,Progressive House,Axtone Records,1
2014-10-01,Progressive House,Metanoia Music,1
2014-10-01,Progressive House,Ultra,1
2014-10-01,Progressive House,FFRR,1
2014-10-01,Progressive House,Size Records,2
2014-11-01,Tech House,Armada Music,1
2014-11-01,Tech House,Hot Creations,2
2014-11-01,Tech House,Diynamic,1
2014-11-01,Tech House,Play It Down,1
2014-11-01,Tech House,Rejected,1
2014-11-01,Tech House,Cocoon Recordings,1
2014-11-01,Tech House,Go Deeva Records,1
2014-11-01,Tech House,Suara,1
2014-11-01,Tech House,Relief Records,2
2014-11-01,Tech House,Noir Music,1
2014-11-01,House,Defected,1
2014-11-01,House,Spinnin Records,2
2014-11-01,House,Real Time Records,1
2014-11-01,House,DOORN (Spinnin),1
2014-11-01,House,Zulu Records,1
2014-11-01,House,Milk & Sugar,1
2014-11-01,House,Spinnin Deep (Spinnin),2
2014-11-01,House,Juicy Music,1
2014-11-01,House,Spinnin' Remixes,1
2014-11-01,House,LoudBit,1
2014-11-01,House,Virgin EMI,1
2014-11-01,House,FFRR,1
2014-11-01,Breaks,Hot Cakes,1
2014-11-01,Electro House,Spinnin Records,4
2014-11-01,Electro House,WOLV,1
2014-11-01,Electro House,DOORN (Spinnin),1
2014-11-01,Electro House,Smash The House,1
2014-11-01,Electro House,Rising Music,2
2014-11-01,Electro House,What A Music,1
2014-11-01,Electro House,Protocol Recordings,2
2014-11-01,Electro House,SPRS,1
2014-11-01,Electro House,Dim Mak Records,1
2014-11-01,Electro House,Revealed Recordings,1
2014-11-01,Electro House,Fly Eye Records,2
2014-11-01,Electro House,Hussle Recordings,1
2014-11-01,Electro House,Musical Freedom,1
2014-11-01,Techno,100% Pure,1
2014-11-01,Techno,Yoshitoshi Recordings,1
2014-11-01,Techno,Mouseville,1
2014-11-01,Techno,SCI+TEC,1
2014-11-01,Techno,Drumcode,3
2014-11-01,Techno,Truesoul,1
2014-11-01,Techno,Desolat,1
2014-11-01,Techno,Bedrock Records,1
2014-11-01,Techno,Hotflush Recordings,1
2014-11-01,Techno,Minus,1
2014-11-01,Deep House,Defected,1
2014-11-01,Deep House,One More Tune (OMT),1
2014-11-01,Deep House,Yoshitoshi Recordings,1
2014-11-01,Deep House,Ultra,1
2014-11-01,Deep House,Midication Records,1
2014-11-01,Deep House,Innervisions,1
2014-11-01,Deep House,Suara,1
2014-11-01,Deep House,What A Music,1
2014-11-01,Deep House,Off Recordings,1
2014-11-01,Deep House,Spinnin Records,2
2014-11-01,Deep House,Polydor (UK),1
2014-11-01,Deep House,Spinnin Deep (Spinnin),1
2014-11-01,Deep House,My Favorite Robot Records,1
2014-11-01,Deep House,96 Musique,1
2014-11-01,Deep House,Exploited,1
2014-11-01,Deep House,Go Deeva Records,1
2014-11-01,Deep House,Delicieuse Records,1
2014-11-01,Deep House,Pets Edits,1
2014-11-01,Deep House,Musical Noize Deep (Musical Noize),1
2014-11-01,Deep House,BOSO,1
2014-11-01,Deep House,Noir Music,1
2014-11-01,Indie Dance / Nu Disco,Enormous Tunes,1
2014-11-01,Indie Dance / Nu Disco,Go Deeva Records,1
2014-11-01,Indie Dance / Nu Disco,Prison Entertainment,1
2014-11-01,Indie Dance / Nu Disco,Bunny Tiger,1
2014-11-01,Indie Dance / Nu Disco,FFRR,1
2014-11-01,Indie Dance / Nu Disco,Erase Records,2
2014-11-01,Trance,Anjunabeats,1
2014-11-01,Progressive House,Spinnin Records,1
2014-11-01,Progressive House,Cr2 Records,1
2014-11-01,Progressive House,Revealed Recordings,4
2014-11-01,Progressive House,Big Beat Records,2
2014-11-01,Progressive House,Atlantic Records UK,1
2014-11-01,Progressive House,Metanoia Music,1
2014-11-01,Progressive House,Ultra,1
2014-11-01,Hip-Hop,Earstorm,1
2014-12-01,Tech House,Defected,2
2014-12-01,Tech House,Noir Music,2
2014-12-01,Tech House,Hot Creations,2
2014-12-01,Tech House,Atlantic Jaxx,1
2014-12-01,Tech House,Monaberry,1
2014-12-01,Tech House,Definition:Music ,1
2014-12-01,Tech House,Play It Down,1
2014-12-01,Tech House,Go Deeva Records,1
2014-12-01,Tech House,Suara,1
2014-12-01,Tech House,Atlantic Records UK,1
2014-12-01,Tech House,Relief Records,1
2014-12-01,Tech House,mau5trap,1
2014-12-01,Tech House,Tuskegee,1
2014-12-01,Tech House,Armada Music,1
2014-12-01,Tech House,Kittball,1
2014-12-01,House,Defected,1
2014-12-01,House,Spinnin Records,3
2014-12-01,House,Real Time Records,1
2014-12-01,House,DOORN (Spinnin),1
2014-12-01,House,Zulu Records,1
2014-12-01,House,Spinnin Deep (Spinnin),1
2014-12-01,House,HK Records,1
2014-12-01,House,Atlantic Records UK,1
2014-12-01,House,LoudBit,1
2014-12-01,House,Dirty Soul (Be Yourself Music),1
2014-12-01,House,Toolroom Records,1
2014-12-01,House,Virgin EMI,1
2014-12-01,House,Ultra,1
2014-12-01,House,FFRR,1
2014-12-01,Electro House,Spinnin Records,4
2014-12-01,Electro House,So Much Dada,1
2014-12-01,Electro House,DOORN (Spinnin),2
2014-12-01,Electro House,Smash The House,1
2014-12-01,Electro House,Columbia (Sony),1
2014-12-01,Electro House,Universal Music,1
2014-12-01,Electro House,Cloud Nine Recordings,1
2014-12-01,Electro House,Revealed Recordings,1
2014-12-01,Electro House,Fly Eye Records,1
2014-12-01,Electro House,Spinnin Deep (Spinnin),1
2014-12-01,Electro House,Musical Freedom,3
2014-12-01,Electro House,Spinnin' Remixes,1
2014-12-01,Techno,SCI+TEC,1
2014-12-01,Techno,Yoshitoshi Recordings,1
2014-12-01,Techno,Stereo Productions,1
2014-12-01,Techno,Truesoul,1
2014-12-01,Techno,Drumcode,4
2014-12-01,Deep House,Defected,1
2014-12-01,Deep House,Rebirth,1
2014-12-01,Deep House,Yoshitoshi Recordings,1
2014-12-01,Deep House,Noir Music,1
2014-12-01,Deep House,Metal & Dust Recordings Ltd,1
2014-12-01,Deep House,Musical Noize,1
2014-12-01,Deep House,Innervisions,1
2014-12-01,Deep House,Mobilee Records,2
2014-12-01,Deep House,What A Music,1
2014-12-01,Deep House,17 Steps,2
2014-12-01,Deep House,Polydor (UK),1
2014-12-01,Deep House,Spinnin Records,2
2014-12-01,Deep House,96 Musique,1
2014-12-01,Deep House,Suara,1
2014-12-01,Deep House,Spinnin Deep (Spinnin),1
2014-12-01,Deep House,Keinemusik,1
2014-12-01,Deep House,Ultra,2
2014-12-01,Deep House,Anjunadeep,1
2014-12-01,Indie Dance / Nu Disco,Enormous Tunes,1
2014-12-01,Indie Dance / Nu Disco,Prison Entertainment,1
2014-12-01,Indie Dance / Nu Disco,No Definition,1
2014-12-01,Indie Dance / Nu Disco,Bunny Tiger,2
2014-12-01,Indie Dance / Nu Disco,FFRR,1
2014-12-01,Indie Dance / Nu Disco,Erase Records,2
2014-12-01,Trance,Anjunabeats,1
2014-12-01,Progressive House,Spinnin Records,3
2014-12-01,Progressive House,DOORN (Spinnin),1
2014-12-01,Progressive House,Audio Arkade,1
2014-12-01,Progressive House,Revealed Recordings,2
2014-12-01,Progressive House,Kid Coconut,1
2014-12-01,Progressive House,mau5trap,1
2014-12-01,Progressive House,Ultra,2
2014-12-01,Progressive House,Size Records,1
2014-12-01,Drum & Bass,Big Beat Records / OWSLA,1
2014-12-01,Drum & Bass,RAM Records,1
2015-01-01,Indie Dance / Nu Disco,LouLou Records,1
2015-01-01,Indie Dance / Nu Disco,Enormous Tunes,2
2015-01-01,Indie Dance / Nu Disco,Prison Entertainment,1
2015-01-01,Indie Dance / Nu Disco,No Definition,1
2015-01-01,Indie Dance / Nu Disco,Bunny Tiger,2
2015-01-01,Indie Dance / Nu Disco,Erase Records,1
2015-01-01,Electronica,Dog Triumph,1
2015-01-01,House,Defected,1
2015-01-01,House,Spinnin Records,3
2015-01-01,House,Spinnin Deep (Spinnin),2
2015-01-01,House,Atlantic Records UK,1
2015-01-01,House,LoudBit,1
2015-01-01,House,Toolroom Records,1
2015-01-01,House,Virgin EMI,1
2015-01-01,House,Ultra,1
2015-01-01,House,FFRR,1
2015-01-01,House,Casa Rossa,1
2015-01-01,House,Black Butter Records,1
2015-01-01,Electro House,Spinnin Records,4
2015-01-01,Electro House,Ultra,1
2015-01-01,Electro House,WOLV,1
2015-01-01,Electro House,DOORN (Spinnin),3
2015-01-01,Electro House,Protocol Recordings,2
2015-01-01,Electro House,Dirty Dutch Music,1
2015-01-01,Electro House,Revealed Recordings,2
2015-01-01,Electro House,Fly Eye Records,2
2015-01-01,Electro House,Skink,2
2015-01-01,Electro House,Wall Recordings,1
2015-01-01,Techno,Yoshitoshi Recordings,1
2015-01-01,Techno,Stickrecordings,1
2015-01-01,Techno,Life And Death,1
2015-01-01,Techno,Drumcode,5
2015-01-01,Techno,SCI+TEC,1
2015-01-01,Techno,City Slang,1
2015-01-01,Techno,Kanzleramt,1
2015-01-01,Deep House,Defected,2
2015-01-01,Deep House,Spinnin Records,1
2015-01-01,Deep House,Exploited,1
2015-01-01,Deep House,Hot Creations,1
2015-01-01,Deep House,Innervisions,1
2015-01-01,Deep House,Mother Recordings,1
2015-01-01,Deep House,Enormous Tunes,1
2015-01-01,Deep House,Life And Death,1
2015-01-01,Deep House,Yoshitoshi Recordings,1
2015-01-01,Deep House,17 Steps,1
2015-01-01,Deep House,Noir Music,1
2015-01-01,Deep House,96 Musique,1
2015-01-01,Deep House,BOSO,1
2015-01-01,Deep House,Eglo Records,1
2015-01-01,Deep House,Spinnin Deep (Spinnin),1
2015-01-01,Deep House,Infectious Records,1
2015-01-01,Deep House,Ultra,3
2015-01-01,Deep House,1605,1
2015-01-01,Tech House,dirtybird,1
2015-01-01,Tech House,Snatch! Records,1
2015-01-01,Tech House,Rumors,1
2015-01-01,Tech House,Hot Creations,1
2015-01-01,Tech House,Ellum Audio,1
2015-01-01,Tech House,303Lovers,1
2015-01-01,Tech House,Monaberry,1
2015-01-01,Tech House,Play It Down,1
2015-01-01,Tech House,Be One Records,1
2015-01-01,Tech House,Relief Records,1
2015-01-01,Tech House,Go Deeva Records,2
2015-01-01,Tech House,Hottrax,1
2015-01-01,Tech House,Poker Flat Recordings,1
2015-01-01,Tech House,Noir Music,2
2015-01-01,Tech House,Incorrect Music,1
2015-01-01,Tech House,mau5trap,1
2015-01-01,Tech House,Armada Music,1
2015-01-01,Tech House,Formatik,1
2015-01-01,Tech House,Saved Records,1
2015-01-01,Tech House,Kittball,1
2015-01-01,Progressive House,PRMD,1
2015-01-01,Progressive House,Spinnin Records,2
2015-01-01,Progressive House,Axtone Records,2
2015-01-01,Progressive House,Digital Distribution Vanuatu,1
2015-01-01,Progressive House,DOORN (Spinnin),1
2015-02-01,Indie Dance / Nu Disco,Enormous Tunes,2
2015-02-01,Indie Dance / Nu Disco,PopArt,1
2015-02-01,Indie Dance / Nu Disco,Prison Entertainment,1
2015-02-01,Indie Dance / Nu Disco,Bunny Tiger,1
2015-02-01,Electronica,Dog Triumph,1
2015-02-01,House,Defected,1
2015-02-01,House,PRMD,1
2015-02-01,House,Spinnin Records,2
2015-02-01,House,Fjordin,1
2015-02-01,House,Tazmania Records,1
2015-02-01,House,Spinnin Deep (Spinnin),3
2015-02-01,House,Spinnin' Remixes,1
2015-02-01,House,Atlantic Records UK,1
2015-02-01,House,PornoStar Records,1
2015-02-01,House,Casa Rossa,1
2015-02-01,House,Black Butter Records,1
2015-02-01,Electro House,Spinnin Records,4
2015-02-01,Electro House,Wall Recordings,1
2015-02-01,Electro House,Mixmash Records,1
2015-02-01,Electro House,DOORN (Spinnin),1
2015-02-01,Electro House,Smash The House,2
2015-02-01,Electro House,Protocol Recordings,2
2015-02-01,Electro House,Oxygen,1
2015-02-01,Electro House,What A Music,1
2015-02-01,Electro House,Revealed Recordings,6
2015-02-01,Electro House,RUN DBN,1
2015-02-01,Electro House,So Much Dada,1
2015-02-01,Electro House,Skink,2
2015-02-01,Electro House,WOLV,1
2015-02-01,Electro House,Musical Freedom,1
2015-02-01,Techno,Kompakt,2
2015-02-01,Techno,Yoshitoshi Recordings,1
2015-02-01,Techno,MUTE,1
2015-02-01,Techno,Drumcode,4
2015-02-01,Techno,Natura Viva,1
2015-02-01,Techno,Toolroom Trax,2
2015-02-01,Deep House,Defected,1
2015-02-01,Deep House,Spinnin Records,1
2015-02-01,Deep House,Incorrect Music,1
2015-02-01,Deep House,Poesie Musik,1
2015-02-01,Deep House,Enormous Tunes,2
2015-02-01,Deep House,Innervisions,1
2015-02-01,Deep House,1605,1
2015-02-01,Deep House,Spinnin Deep (Spinnin),1
2015-02-01,Deep House,17 Steps,1
2015-02-01,Deep House,96 Musique,1
2015-02-01,Deep House,Axtone Records,1
2015-02-01,Deep House,Dirty Soul (Be Yourself Music),1
2015-02-01,Deep House,Yoshitoshi Recordings,1
2015-02-01,Deep House,Ultra,1
2015-02-01,Deep House,Circus Recordings,1
2015-02-01,Deep House,Kittball,1
2015-02-01,Tech House,dirtybird,2
2015-02-01,Tech House,Snatch! Records,1
2015-02-01,Tech House,Hot Creations,1
2015-02-01,Tech House,Ellum Audio,1
2015-02-01,Tech House,MUTE,2
2015-02-01,Tech House,Suara,1
2015-02-01,Tech House,Get Physical Music,2
2015-02-01,Tech House,Mobilee Records,1
2015-02-01,Tech House,Starside Records,1
2015-02-01,Tech House,Be One Records,1
2015-02-01,Tech House,Toolroom Records,2
2015-02-01,Tech House,Noir Music,2
2015-02-01,Tech House,Formatik,1
2015-02-01,Tech House,Saved Records,2
2015-02-01,Trance,Anjunabeats,1
2015-02-01,Progressive House,Spinnin Records,2
2015-02-01,Progressive House,Mainstage Music (Armada Music),1
2015-02-01,Progressive House,Revealed Recordings,4
2015-02-01,Progressive House,Axtone Records,1
2015-02-01,Progressive House,Armada Trice,1
2015-02-01,Progressive House,Digital Distribution Vanuatu,1
2015-02-01,Progressive House,Darklight Recordings,1
2015-02-01,Progressive House,Size Records,2
2015-03-01,Tech House,dirtybird,3
2015-03-01,Tech House,Ellum Audio,1
2015-03-01,Tech House,Hot Creations,2
2015-03-01,Tech House,MUTE,1
2015-03-01,Tech House,Last Night On Earth,1
2015-03-01,Tech House,Off Recordings,1
2015-03-01,Tech House,Stereo Productions,1
2015-03-01,Tech House,Knee Deep In Sound,1
2015-03-01,Tech House,Be One Records,1
2015-03-01,Tech House,Toolroom Records,2
2015-03-01,Tech House,Noir Music,3
2015-03-01,Tech House,Cajual Records,1
2015-03-01,Electronica,Dog Triumph,1
2015-03-01,House,Spinnin Records,4
2015-03-01,House,Mixmash Records,1
2015-03-01,House,Spinnin Deep (Spinnin),5
2015-03-01,House,Spinnin' Remixes,1
2015-03-01,House,LoudBit,1
2015-03-01,House,PornoStar Records,1
2015-03-01,House,Casa Rossa,1
2015-03-01,House,Musical Freedom,1
2015-03-01,House,Black Butter Records,1
2015-03-01,Electro House,Spinnin Records,4
2015-03-01,Electro House,Ultra,2
2015-03-01,Electro House,Mixmash Records,2
2015-03-01,Electro House,DOORN (Spinnin),2
2015-03-01,Electro House,Smash The House,1
2015-03-01,Electro House,Dim Mak Records,1
2015-03-01,Electro House,Revealed Recordings,2
2015-03-01,Electro House,Onelove,1
2015-03-01,Electro House,Fly Eye Records,1
2015-03-01,Electro House,Hussle Recordings,2
2015-03-01,Electro House,Musical Freedom,1
2015-03-01,Electro House,Wall Recordings,1
2015-03-01,Electro House,Jolly Roger (Sound Of Pirates),1
2015-03-01,Chill Out,Spinnin Deep (Spinnin),1
2015-03-01,Techno,100% Pure,1
2015-03-01,Techno,Yoshitoshi Recordings,1
2015-03-01,Techno,Domino,1
2015-03-01,Techno,Drumcode,2
2015-03-01,Techno,Natura Viva,1
2015-03-01,Techno,Hotflush Recordings,2
2015-03-01,Techno,Octopus Records,1
2015-03-01,Deep House,Sole Channel Music,1
2015-03-01,Deep House,Incorrect Music,1
2015-03-01,Deep House,Get Physical Music,1
2015-03-01,Deep House,Enormous Tunes,1
2015-03-01,Deep House,1605,1
2015-03-01,Deep House,Spinnin Deep (Spinnin),2
2015-03-01,Deep House,Go Deeva Records,1
2015-03-01,Deep House,96 Musique,1
2015-03-01,Deep House,Suara,1
2015-03-01,Deep House,DECIDE,1
2015-03-01,Deep House,Dirty Soul (Be Yourself Music),1
2015-03-01,Deep House,Aus Music,1
2015-03-01,Deep House,Anjunadeep,1
2015-03-01,Deep House,d:vision,1
2015-03-01,Deep House,Kittball,2
2015-03-01,Indie Dance / Nu Disco,Enormous Tunes,2
2015-03-01,Indie Dance / Nu Disco,Ultra,1
2015-03-01,Indie Dance / Nu Disco,No Definition,1
2015-03-01,Indie Dance / Nu Disco,Toolroom Records,1
2015-03-01,Trance,Subculture,1
2015-03-01,Trance,Wake Your Mind Records,1
2015-03-01,Trance,Armind (Armada),1
2015-03-01,Trance,Anjunabeats,1
2015-03-01,Progressive House,Spinnin Records,1
2015-03-01,Progressive House,Ultra,1
2015-03-01,Progressive House,Protocol Recordings,1
2015-03-01,Progressive House,Polydor Associated Labels,1
2015-03-01,Progressive House,Mainstage Music (Armada Music),1
2015-03-01,Progressive House,Revealed Recordings,4
2015-03-01,Progressive House,Fly Eye Records,1
2015-03-01,Progressive House,Pryda Recordings,1
2015-03-01,Progressive House,Armada Music,1
2015-03-01,Drum & Bass,MTA Records,1
2015-04-01,Indie Dance / Nu Disco,Enormous Tunes,1
2015-04-01,Indie Dance / Nu Disco,No Definition,1
2015-04-01,Electronica,Green,1
2015-04-01,House,BMKLTSCH RCRDS,1
2015-04-01,House,Spinnin Records,4
2015-04-01,House,GURU,1
2015-04-01,House,Azuli Records,1
2015-04-01,House,Spinnin Deep (Spinnin),6
2015-04-01,House,Black Butter Records,1
2015-04-01,House,Bpitch Control,1
2015-04-01,House,LoudBit,1
2015-04-01,House,Henry Street Music,1
2015-04-01,House,OWSLA,1
2015-04-01,House,HEXAGON,1
2015-04-01,House,Fly Eye Records,1
2015-04-01,Electro House,Spinnin Records,3
2015-04-01,Electro House,Ultra,1
2015-04-01,Electro House,Smash The House,1
2015-04-01,Electro House,Fluo,1
2015-04-01,Electro House,ICONS,1
2015-04-01,Electro House,What A Music,1
2015-04-01,Electro House,Mainstage Music (Armada Music),1
2015-04-01,Electro House,Three Six Zero/Warner Bros.,1
2015-04-01,Electro House,Wall Recordings,1
2015-04-01,Electro House,Fly Eye Records,1
2015-04-01,Electro House,Musical Freedom,2
2015-04-01,Electro House,Darklight Recordings,1
2015-04-01,Techno,100% Pure,1
2015-04-01,Techno,Yoshitoshi Recordings,1
2015-04-01,Techno,Deeperfect Records,1
2015-04-01,Techno,Last Night On Earth,2
2015-04-01,Techno,Running Back,1
2015-04-01,Techno,Le Club Records,1
2015-04-01,Techno,Relief Records,1
2015-04-01,Techno,Bedrock Records,1
2015-04-01,Techno,Minus,1
2015-04-01,Techno,Terminal M,2
2015-04-01,Deep House,Blaufield,2
2015-04-01,Deep House,Incorrect Music,1
2015-04-01,Deep House,Enormous Tunes,1
2015-04-01,Deep House,Off Recordings,1
2015-04-01,Deep House,1605,1
2015-04-01,Deep House,Spinnin Deep (Spinnin),2
2015-04-01,Deep House,Kompakt,1
2015-04-01,Deep House,Decca (UMO),1
2015-04-01,Deep House,Suara,2
2015-04-01,Deep House,Maeve,1
2015-04-01,Deep House,Method White,1
2015-04-01,Deep House,Aus Music,1
2015-04-01,Deep House,Ultra,1
2015-04-01,Deep House,Anjunadeep,1
2015-04-01,Deep House,d:vision,1
2015-04-01,Deep House,Kittball,1
2015-04-01,Tech House,Moon Harbour Recordings,1
2015-04-01,Tech House,Hottrax,1
2015-04-01,Tech House,Rumors,1
2015-04-01,Tech House,Hot Creations,1
2015-04-01,Tech House,Last Night On Earth,1
2015-04-01,Tech House,Monkeytown Records,1
2015-04-01,Tech House,Ritter Butzke Studio,1
2015-04-01,Tech House,Kompakt,1
2015-04-01,Tech House,Kinetika Records,1
2015-04-01,Tech House,Objektivity,1
2015-04-01,Tech House,8Bit,1
2015-04-01,Tech House,Snatch! Records,1
2015-04-01,Tech House,Toolroom Records,1
2015-04-01,Tech House,Noir Music,1
2015-04-01,Tech House,Cajual Records,1
2015-04-01,Tech House,Saved Records,1
2015-04-01,Trance,Armind (Armada),1
2015-04-01,Trance,Liquid Recordings (Spinnin),1
2015-04-01,Trance,Anjunabeats,1
2015-04-01,Progressive House,Spinnin Records,3
2015-04-01,Progressive House,DOORN (Spinnin),1
2015-04-01,Progressive House,Protocol Recordings,1
2015-04-01,Progressive House,Refune Records,1
2015-04-01,Progressive House,Revealed Recordings,3
2015-04-01,Progressive House,Polydor Associated Labels,1
2015-04-01,Progressive House,Axtone Records,1
2015-04-01,Progressive House,Art & Music Recording,1
2015-04-01,Progressive House,Fly Eye Records,1
2015-04-01,Progressive House,Virgin EMI,1
2015-04-01,Progressive House,Musical Freedom,2
2015-04-01,Progressive House,Size Records,1
2015-04-01,Progressive House,Pandamoniam,1
2015-05-01,Indie Dance / Nu Disco,LouLou Records,1
2015-05-01,Indie Dance / Nu Disco,Enormous Tunes,2
2015-05-01,Indie Dance / Nu Disco,No Definition,2
2015-05-01,House,Spinnin Records,4
2015-05-01,House,Musical Freedom,1
2015-05-01,House,Rising Music,1
2015-05-01,House,Spinnin Deep (Spinnin),5
2015-05-01,House,Spinnin' Remixes,1
2015-05-01,House,Big Beat Records,1
2015-05-01,House,Axtone Records,1
2015-05-01,House,Bpitch Control,1
2015-05-01,House,LoudBit,1
2015-05-01,House,Warner Bros./Arkade Made,1
2015-05-01,House,OWSLA,1
2015-05-01,House,HEXAGON,1
2015-05-01,House,Turbo Recordings,1
2015-05-01,House,Size Records,1
2015-05-01,House,Black Butter Records,1
2015-05-01,Hard Dance,fformat records,1
2015-05-01,Hard Dance,Revealed Recordings,1
2015-05-01,Electro House,Spinnin Records,3
2015-05-01,Electro House,DOORN (Spinnin),1
2015-05-01,Electro House,Smash The House,1
2015-05-01,Electro House,Bourne Recordings,1
2015-05-01,Electro House,What A Music,1
2015-05-01,Electro House,Hussle Recordings,1
2015-05-01,Electro House,Revealed Recordings,1
2015-05-01,Electro House,Armada Trice,1
2015-05-01,Electro House,Skink,1
2015-05-01,Electro House,Musical Freedom,2
2015-05-01,Electro House,Fly Eye Records,1
2015-05-01,Techno,Running Back,1
2015-05-01,Techno,Terminal M,1
2015-05-01,Techno,Diynamic,1
2015-05-01,Techno,Life And Death,2
2015-05-01,Techno,Last Night On Earth,1
2015-05-01,Techno,Drumcode,1
2015-05-01,Techno,Kompakt,1
2015-05-01,Techno,Magazine,1
2015-05-01,Techno,Tronic,1
2015-05-01,Techno,Minus,1
2015-05-01,Techno,Intacto,1
2015-05-01,Deep House,Defected,2
2015-05-01,Deep House,Exploited,2
2015-05-01,Deep House,Something Happening Somewhere,1
2015-05-01,Deep House,Emerald City Music,1
2015-05-01,Deep House,Incorrect Music,1
2015-05-01,Deep House,Enormous Tunes,2
2015-05-01,Deep House,1605,1
2015-05-01,Deep House,Spinnin Deep (Spinnin),3
2015-05-01,Deep House,Minus,1
2015-05-01,Deep House,Decca (UMO),1
2015-05-01,Deep House,Sole Channel Music,1
2015-05-01,Deep House,Method White,1
2015-05-01,Deep House,Aus Music,1
2015-05-01,Deep House,Ultra,1
2015-05-01,Deep House,Pets Recordings,1
2015-05-01,Tech House,dirtybird,1
2015-05-01,Tech House,Shanti Radio Moscow,1
2015-05-01,Tech House,Hottrax,1
2015-05-01,Tech House,Rumors,1
2015-05-01,Tech House,Hot Creations,3
2015-05-01,Tech House,A-Sided,1
2015-05-01,Tech House,Keinemusik,1
2015-05-01,Tech House,Kompakt,1
2015-05-01,Tech House,Kraftek,2
2015-05-01,Tech House,Suara,1
2015-05-01,Tech House,No.19 Music,1
2015-05-01,Tech House,Relief Records,1
2015-05-01,Tech House,Toolroom Records,2
2015-05-01,Tech House,Saved Records,1
2015-05-01,Tech House,Objektivity,1
2015-05-01,Progressive House,Spinnin Records,1
2015-05-01,Progressive House,Ultra,1
2015-05-01,Progressive House,DOORN (Spinnin),1
2015-05-01,Progressive House,Refune Records,1
2015-05-01,Progressive House,Mainstage Music (Armada Music),1
2015-05-01,Progressive House,Revealed Recordings,2
2015-05-01,Progressive House,Pryda Recordings,1
2015-05-01,Progressive House,Musical Freedom,1
2015-05-01,Progressive House,Darklight Recordings,1
2015-05-01,Drum & Bass,Viper Recordings,1
2015-06-01,Indie Dance / Nu Disco,LouLou Records,1
2015-06-01,Indie Dance / Nu Disco,Enormous Tunes,2
2015-06-01,Indie Dance / Nu Disco,Nurvous Records,1
2015-06-01,Indie Dance / Nu Disco,No Definition,1
2015-06-01,Indie Dance / Nu Disco,G-Mafia Records,1
2015-06-01,House,Spinnin Records,2
2015-06-01,House,HEXAGON,2
2015-06-01,House,Sweat It Out!,1
2015-06-01,House,Rising Music,1
2015-06-01,House,Tiger Records,1
2015-06-01,House,SPRS,1
2015-06-01,House,Spinnin Deep (Spinnin),5
2015-06-01,House,Dim Mak Records,1
2015-06-01,House,Ego,1
2015-06-01,House,Spinnin' Remixes,1
2015-06-01,House,Ultra,2
2015-06-01,House,Universal-Island Records Ltd.,1
2015-06-01,House,Bpitch Control,1
2015-06-01,Electro House,Spinnin Records,4
2015-06-01,Electro House,Ultra,1
2015-06-01,Electro House,DOORN (Spinnin),1
2015-06-01,Electro House,Smash The House,1
2015-06-01,Electro House,Protocol Recordings,1
2015-06-01,Electro House,Revealed Recordings,1
2015-06-01,Electro House,Skink,2
2015-06-01,Electro House,Virgin EMI,1
2015-06-01,Electro House,Musical Freedom,2
2015-06-01,Techno,Running Back,1
2015-06-01,Techno,Ultra,1
2015-06-01,Techno,Diynamic,2
2015-06-01,Techno,Life And Death,1
2015-06-01,Techno,Intec,1
2015-06-01,Techno,Drumcode,2
2015-06-01,Techno,Systematic Recordings,1
2015-06-01,Techno,Tronic,1
2015-06-01,Techno,Minus,1
2015-06-01,Deep House,Defected,2
2015-06-01,Deep House,dirtybird,1
2015-06-01,Deep House,Exploited,4
2015-06-01,Deep House,Emerald City Music,1
2015-06-01,Deep House,Suara,1
2015-06-01,Deep House,Enormous Tunes,1
2015-06-01,Deep House,Spinnin Deep (Spinnin),2
2015-06-01,Deep House,Decca (UMO),1
2015-06-01,Deep House,Freerange Records,1
2015-06-01,Deep House,BOSO,2
2015-06-01,Deep House,Aus Music,2
2015-06-01,Deep House,Ultra,1
2015-06-01,Deep House,Pets Recordings,1
2015-06-01,Deep House,DFTD,1
2015-06-01,Tech House,dirtybird,1
2015-06-01,Tech House,Objektivity,1
2015-06-01,Tech House,Blaufield Music,1
2015-06-01,Tech House,Hottrax,1
2015-06-01,Tech House,Hot Creations,1
2015-06-01,Tech House,Last Night On Earth,1
2015-06-01,Tech House,Relief Records,2
2015-06-01,Tech House,Suara,4
2015-06-01,Tech House,Green,1
2015-06-01,Tech House,8Bit,1
2015-06-01,Tech House,Tuskegee,1
2015-06-01,Tech House,Toolroom Records,2
2015-06-01,Tech House,Kittball,1
2015-06-01,Progressive House,Spinnin Records,3
2015-06-01,Progressive House,Musical Freedom,2
2015-06-01,Progressive House,Protocol Recordings,1
2015-06-01,Progressive House,Mainstage Music (Armada Music),1
2015-06-01,Progressive House,Armada Music,1
2015-06-01,Progressive House,Revealed Recordings,1
2015-06-01,Progressive House,Big Beat Records,1
2015-06-01,Progressive House,Flamingo Recordings,1
2015-06-01,Progressive House,Pryda Recordings,1
2015-06-01,Progressive House,Ultra,1
2015-06-01,Progressive House,Size Records,1
2015-07-01,Indie Dance / Nu Disco,Enormous Tunes,2
2015-07-01,Indie Dance / Nu Disco,No Definition,1
2015-07-01,Indie Dance / Nu Disco,Nurvous Records,1
2015-07-01,House,Pampa Records,2
2015-07-01,House,BeLove,1
2015-07-01,House,Spinnin Records,6
2015-07-01,House,Potion,1
2015-07-01,House,Sweat It Out!,1
2015-07-01,House,Magik Muzik,1
2015-07-01,House,Rising Music,1
2015-07-01,House,Revealed Recordings,1
2015-07-01,House,Enormous Tunes,1
2015-07-01,House,Spinnin Deep (Spinnin),4
2015-07-01,House,This Ain't Bristol,1
2015-07-01,House,Positiva,1
2015-07-01,House,Basement Leak,1
2015-07-01,House,Noisetraxx,1
2015-07-01,House,CFP Records,1
2015-07-01,House,Spinnin' Remixes,1
2015-07-01,House,Ultra,1
2015-07-01,House,HEXAGON,1
2015-07-01,House,Universal-Island Records Ltd.,1
2015-07-01,House,Guesthouse Music,1
2015-07-01,House,Tommy Boy,1
2015-07-01,Electro House,Spinnin Records,2
2015-07-01,Electro House,DOORN (Spinnin),2
2015-07-01,Electro House,OWSLA/Mad Decent,1
2015-07-01,Electro House,Oxygen,1
2015-07-01,Electro House,Revealed Recordings,3
2015-07-01,Electro House,Skink,1
2015-07-01,Electro House,mau5trap,1
2015-07-01,Electro House,Musical Freedom,1
2015-07-01,Techno,Diynamic,1
2015-07-01,Techno,Form,1
2015-07-01,Techno,Life And Death,1
2015-07-01,Techno,Intec,1
2015-07-01,Techno,Drumcode,3
2015-07-01,Techno,Cocoon Recordings,1
2015-07-01,Techno,Systematic Recordings,1
2015-07-01,Deep House,dirtybird,1
2015-07-01,Deep House,Defected,2
2015-07-01,Deep House,Exploited,1
2015-07-01,Deep House,Heist Recordings,1
2015-07-01,Deep House,Innervisions,1
2015-07-01,Deep House,Monaberry,1
2015-07-01,Deep House,Enormous Tunes,2
2015-07-01,Deep House,17 Steps,1
2015-07-01,Deep House,Spinnin Deep (Spinnin),2
2015-07-01,Deep House,Decca (UMO),1
2015-07-01,Deep House,Freerange Records,1
2015-07-01,Deep House,Suara,2
2015-07-01,Deep House,DFTD,1
2015-07-01,Tech House,dirtybird,1
2015-07-01,Tech House,Moon Harbour Recordings,1
2015-07-01,Tech House,Hottrax,1
2015-07-01,Tech House,Deeperfect Records,1
2015-07-01,Tech House,Monaberry,1
2015-07-01,Tech House,Get Physical Music,1
2015-07-01,Tech House,Suara,1
2015-07-01,Tech House,Relief Records,2
2015-07-01,Tech House,Toolroom Records,4
2015-07-01,Tech House,Cajual Records,1
2015-07-01,Tech House,Formatik,1
2015-07-01,Tech House,Kittball,1
2015-07-01,Trance,Flashover Recordings,1
2015-07-01,Progressive House,PRMD,1
2015-07-01,Progressive House,Spinnin Records,5
2015-07-01,Progressive House,Armada Music,1
2015-07-01,Progressive House,Protocol Recordings,1
2015-07-01,Progressive House,SPRS,1
2015-07-01,Progressive House,Refune Records,1
2015-07-01,Progressive House,Mainstage Music (Armada Music),1
2015-07-01,Progressive House,Cr2 Records,1
2015-07-01,Progressive House,Musical Freedom,1
2015-07-01,Progressive House,Ultra,2
2015-07-01,Progressive House,Size Records,1
2015-08-01,Indie Dance / Nu Disco,Enormous Tunes,2
2015-08-01,Indie Dance / Nu Disco,Prison Entertainment,1
2015-08-01,Indie Dance / Nu Disco,No Definition,2
2015-08-01,Electronica,DOORN (Spinnin),1
2015-08-01,House,Defected,1
2015-08-01,House,Pampa Records,1
2015-08-01,House,Spinnin Records,3
2015-08-01,House,Mixmash Records,1
2015-08-01,House,Sweat It Out!,1
2015-08-01,House,Enormous Tunes,2
2015-08-01,House,SPRS,1
2015-08-01,House,Spinnin Deep (Spinnin),5
2015-08-01,House,Guesthouse Music,1
2015-08-01,House,Heldeep Records,1
2015-08-01,House,Spinnin' Remixes,1
2015-08-01,House,Great Stuff Recordings,1
2015-08-01,House,Warner Bros. Records/Arkade,1
2015-08-01,House,Size Records,1
2015-08-01,House,Moda Black,1
2015-08-01,Electro House,PRMD,1
2015-08-01,Electro House,Spinnin Records,4
2015-08-01,Electro House,Dim Mak Records,1
2015-08-01,Electro House,Revealed Recordings,1
2015-08-01,Electro House,Enhanced Recordings,1
2015-08-01,Electro House,Musical Freedom,1
2015-08-01,Techno,Diynamic,1
2015-08-01,Techno,Form,1
2015-08-01,Techno,Ultramajic (N.E.W.S.),1
2015-08-01,Techno,Life And Death,1
2015-08-01,Techno,Drumcode,4
2015-08-01,Techno,Cocoon Recordings,1
2015-08-01,Techno,Mobilee Records,1
2015-08-01,Techno,Hotflush Recordings,1
2015-08-01,Techno,Minus,2
2015-08-01,Techno,Trip Records,1
2015-08-01,Deep House,dirtybird,1
2015-08-01,Deep House,Exploited,1
2015-08-01,Deep House,Innervisions,1
2015-08-01,Deep House,Get Physical Music,1
2015-08-01,Deep House,Enormous Tunes,1
2015-08-01,Deep House,17 Steps,1
2015-08-01,Deep House,Play It Again Sam,1
2015-08-01,Deep House,Suara,1
2015-08-01,Deep House,Ego,1
2015-08-01,Deep House,Toolroom Records,1
2015-08-01,Deep House,Aus Music,1
2015-08-01,Deep House,DFTD,1
2015-08-01,Deep House,Kittball,2
2015-08-01,Tech House,100% Pure,1
2015-08-01,Tech House,Snatch! Records,1
2015-08-01,Tech House,Deeperfect Records,1
2015-08-01,Tech House,Hot Creations,2
2015-08-01,Tech House,Moon Harbour Recordings,1
2015-08-01,Tech House,Monaberry,1
2015-08-01,Tech House,Truesoul,1
2015-08-01,Tech House,Knee Deep In Sound,1
2015-08-01,Tech House,Suara,3
2015-08-01,Tech House,8Bit,1
2015-08-01,Tech House,Keinemusik,1
2015-08-01,Tech House,Toolroom Records,5
2015-08-01,Tech House,Playmobil,1
2015-08-01,Tech House,Cajual Records,2
2015-08-01,Tech House,Pets Recordings,1
2015-08-01,Tech House,Saved Records,1
2015-08-01,Tech House,Kittball,1
2015-08-01,Trance,Future Sound of Egypt,1
2015-08-01,Trance,Anjunabeats,1
2015-08-01,Progressive House,Spinnin Records,3
2015-08-01,Progressive House,Protocol Recordings,1
2015-08-01,Progressive House,Refune Records,1
2015-08-01,Progressive House,Mainstage Music (Armada Music),1
2015-08-01,Progressive House,Revealed Recordings,3
2015-08-01,Progressive House,Spinnin' Remixes,1
2015-08-01,Progressive House,Pryda Recordings,1
2015-08-01,Progressive House,Musical Freedom,1
2015-09-01,Indie Dance / Nu Disco,Enormous Tunes,2
2015-09-01,Indie Dance / Nu Disco,Tiger Records,1
2015-09-01,Indie Dance / Nu Disco,Prison Entertainment,1
2015-09-01,Indie Dance / Nu Disco,No Definition,2
2015-09-01,Electronica,DOORN (Spinnin),1
2015-09-01,House,Spinnin Records,3
2015-09-01,House,HEXAGON,1
2015-09-01,House,Mixmash Records,1
2015-09-01,House,Enormous Tunes,2
2015-09-01,House,SPRS,1
2015-09-01,House,Spinnin Deep (Spinnin),2
2015-09-01,House,Flamingo Recordings,1
2015-09-01,House,Simma Black,1
2015-09-01,House,Armind (Armada),1
2015-09-01,House,Heldeep Records,1
2015-09-01,House,Columbia (Sony),2
2015-09-01,House,Toolroom Records,1
2015-09-01,House,Musical Freedom,1
2015-09-01,House,Kaisen Records,1
2015-09-01,House,Spinnin' Remixes,1
2015-09-01,Electro House,Spinnin Records,4
2015-09-01,Electro House,Musical Freedom,2
2015-09-01,Electro House,DOORN (Spinnin),1
2015-09-01,Electro House,Refune Records,2
2015-09-01,Electro House,SPRS,1
2015-09-01,Electro House,Revealed Recordings,2
2015-09-01,Electro House,Columbia (Sony),1
2015-09-01,Electro House,Ultra,1
2015-09-01,Techno,Diynamic,1
2015-09-01,Techno,Ellum Audio,1
2015-09-01,Techno,Deeperfect Records,1
2015-09-01,Techno,Stereo Productions,1
2015-09-01,Techno,Drumcode,3
2015-09-01,Techno,Minus,2
2015-09-01,Techno,Trip Records,1
2015-09-01,Deep House,Spinnin Records,1
2015-09-01,Deep House,Exploited,1
2015-09-01,Deep House,Innervisions,1
2015-09-01,Deep House,Mother Recordings,1
2015-09-01,Deep House,Get Physical Music,1
2015-09-01,Deep House,Spinnin Deep (Spinnin),1
2015-09-01,Deep House,Crosstown Rebels,1
2015-09-01,Deep House,Kompakt,1
2015-09-01,Deep House,Play It Again Sam,2
2015-09-01,Deep House,Suara,2
2015-09-01,Deep House,Ego,1
2015-09-01,Deep House,Enormous Tunes,1
2015-09-01,Deep House,Toolroom Records,1
2015-09-01,Deep House,FFRR,1
2015-09-01,Deep House,All Day I Dream ,1
2015-09-01,Deep House,DFTD,1
2015-09-01,Tech House,100% Pure,1
2015-09-01,Tech House,Snatch! Records,1
2015-09-01,Tech House,Deeperfect Records,1
2015-09-01,Tech House,Hot Creations,1
2015-09-01,Tech House,Truesoul,1
2015-09-01,Tech House,Last Night On Earth,1
2015-09-01,Tech House,Stereo Productions,1
2015-09-01,Tech House,8Bit,1
2015-09-01,Tech House,Rebellion,1
2015-09-01,Tech House,Kompakt,2
2015-09-01,Tech House,Suara,2
2015-09-01,Tech House,Objektivity,1
2015-09-01,Tech House,Saved Records,1
2015-09-01,Tech House,Familia,1
2015-09-01,Tech House,Keinemusik,1
2015-09-01,Tech House,Toolroom Records,4
2015-09-01,Tech House,Noir Music,2
2015-09-01,Tech House,Cajual Records,1
2015-09-01,Tech House,Moda Black,1
2015-09-01,Tech House,SNOE,1
2015-09-01,Trance,Anjunabeats,1
2015-09-01,Progressive House,Spinnin Records,2
2015-09-01,Progressive House,Oxygen,1
2015-09-01,Progressive House,Protocol Recordings,1
2015-09-01,Progressive House,Dirty Dutch Music,1
2015-09-01,Progressive House,Def Jam,1
2015-09-01,Progressive House,Revealed Recordings,2
2015-09-01,Progressive House,Metanoia Music,1
2015-09-01,Progressive House,Pryda Recordings,1
2015-09-01,Drum & Bass,Audioporn,1
2015-10-01,Tech House,Stereo Productions,1
2015-10-01,Tech House,Snatch! Records,1
2015-10-01,Tech House,Definitive Recordings,1
2015-10-01,Tech House,Diynamic,1
2015-10-01,Tech House,Truesoul,1
2015-10-01,Tech House,Sony Music CG,1
2015-10-01,Tech House,Upon You Records,1
2015-10-01,Tech House,Kompakt,1
2015-10-01,Tech House,Suara,1
2015-10-01,Tech House,Moda Black,1
2015-10-01,Tech House,Keinemusik,1
2015-10-01,Tech House,Toolroom Records,3
2015-10-01,Tech House,Double Six Records,1
2015-10-01,Tech House,Noir Music,1
2015-10-01,Tech House,Cajual Records,2
2015-10-01,Tech House,Pets Recordings,1
2015-10-01,Tech House,DFTD,1
2015-10-01,Tech House,Second State,1
2015-10-01,House,Spinnin Records,2
2015-10-01,House,HEXAGON,1
2015-10-01,House,Cube Recordings,1
2015-10-01,House,Smash The House,1
2015-10-01,House,Enormous Tunes,2
2015-10-01,House,Azuli Records,1
2015-10-01,House,Spinnin Deep (Spinnin),3
2015-10-01,House,InStereo Recordings,1
2015-10-01,House,MTA Records,1
2015-10-01,House,Columbia (Sony),2
2015-10-01,House,Tonspiel,1
2015-10-01,House,Toolroom Records,1
2015-10-01,House,Casa Rossa,1
2015-10-01,House,Musical Freedom,1
2015-10-01,House,Spinnin' Remixes,1
2015-10-01,Electro House,Spinnin Records,6
2015-10-01,Electro House,Musical Freedom,2
2015-10-01,Electro House,Smash The House,1
2015-10-01,Electro House,Dim Mak Records,1
2015-10-01,Electro House,Revealed Recordings,1
2015-10-01,Electro House,Columbia (Sony),1
2015-10-01,Electro House,Ultra,1
2015-10-01,Electro House,Spinnin' Remixes,1
2015-10-01,Techno,100% Pure,1
2015-10-01,Techno,Phobiq,1
2015-10-01,Techno,Ultramajic (N.E.W.S.),1
2015-10-01,Techno,Diynamic,1
2015-10-01,Techno,Stereo Productions,1
2015-10-01,Techno,Drumcode,2
2015-10-01,Techno,Systematic Recordings,1
2015-10-01,Techno,Suara,2
2015-10-01,Techno,Alleanza,1
2015-10-01,Techno,Trip Records,1
2015-10-01,Techno,Terminal M,1
2015-10-01,Deep House,dirtybird,1
2015-10-01,Deep House,Mother Recordings,1
2015-10-01,Deep House,Exploited,1
2015-10-01,Deep House,Innervisions,1
2015-10-01,Deep House,Spinnin Deep (Spinnin),1
2015-10-01,Deep House,Crosstown Rebels,1
2015-10-01,Deep House,Play It Again Sam,1
2015-10-01,Deep House,Suara,3
2015-10-01,Deep House,Spinnin' Remixes,1
2015-10-01,Deep House,Hive Audio,1
2015-10-01,Deep House,Anjunadeep,1
2015-10-01,Deep House,Simma Black,1
2015-10-01,Indie Dance / Nu Disco,Enormous Tunes,2
2015-10-01,Indie Dance / Nu Disco,Tiger Records,1
2015-10-01,Indie Dance / Nu Disco,Kompakt,1
2015-10-01,Indie Dance / Nu Disco,Sleazy G,1
2015-10-01,Indie Dance / Nu Disco,No Definition,3
2015-10-01,Indie Dance / Nu Disco,Milk & Sugar,1
2015-10-01,Progressive House,PRMD,1
2015-10-01,Progressive House,Spinnin Records,1
2015-10-01,Progressive House,DOORN (Spinnin),2
2015-10-01,Progressive House,Disruptor Records/Sony Music Entertainment,1
2015-10-01,Progressive House,Dim Mak Records,1
2015-10-01,Progressive House,Revealed Recordings,3
2015-10-01,Progressive House,Armada Trice,2
2015-10-01,Progressive House,Ultra,1
2015-10-01,Progressive House,Spinnin' Remixes,1
2015-11-01,Tech House,Snatch! Records,1
2015-11-01,Tech House,Definitive Recordings,1
2015-11-01,Tech House,KD RAW,1
2015-11-01,Tech House,Hot Creations,1
2015-11-01,Tech House,Truesoul,3
2015-11-01,Tech House,Ovum Recordings,1
2015-11-01,Tech House,Stereo Productions,2
2015-11-01,Tech House,Suara,3
2015-11-01,Tech House,Keinemusik,1
2015-11-01,Tech House,Method White,1
2015-11-01,Tech House,Toolroom Records,3
2015-11-01,Tech House,Noir Music,1
2015-11-01,Tech House,Saved Records,2
2015-11-01,Tech House,Terminal M,1
2015-11-01,House,Azuli Records,1
2015-11-01,House,Spinnin Records,3
2015-11-01,House,Musical Freedom,1
2015-11-01,House,Cube Recordings,1
2015-11-01,House,Tonspiel,1
2015-11-01,House,SPRS,1
2015-11-01,House,Spinnin Deep (Spinnin),3
2015-11-01,House,Simma Black,1
2015-11-01,House,Heldeep Records,1
2015-11-01,House,Columbia (Sony),1
2015-11-01,House,Enormous Tunes,1
2015-11-01,House,InStereo Recordings,1
2015-11-01,House,Casa Rossa,1
2015-11-01,House,HEXAGON,1
2015-11-01,House,Universal-Island Records Ltd.,1
2015-11-01,House,Size Records,1
2015-11-01,Electro House,Spinnin Records,5
2015-11-01,Electro House,Jack Back Records,1
2015-11-01,Electro House,Smash The House,1
2015-11-01,Electro House,Revealed Recordings,1
2015-11-01,Electro House,Spinnin' Remixes,1
2015-11-01,Electro House,KENZ,1
2015-11-01,Electro House,Musical Freedom,3
2015-11-01,Electro House,DOORN (Spinnin),1
2015-11-01,Techno,Sudbeat Music,1
2015-11-01,Techno,Diynamic,1
2015-11-01,Techno,ELEVATE,1
2015-11-01,Techno,Life And Death,1
2015-11-01,Techno,Stereo Productions,1
2015-11-01,Techno,Drumcode,4
2015-11-01,Techno,Whistleblower Records,1
2015-11-01,Techno,Systematic Recordings,1
2015-11-01,Techno,Stil Vor Talent,1
2015-11-01,Techno,Alleanza,1
2015-11-01,Techno,Hotflush Recordings,1
2015-11-01,Techno,Octopus Records,1
2015-11-01,Techno,Terminal M,1
2015-11-01,Deep House,Defected,1
2015-11-01,Deep House,dirtybird,1
2015-11-01,Deep House,Mother Recordings,3
2015-11-01,Deep House,Exploited,2
2015-11-01,Deep House,Spinnin Deep (Spinnin),1
2015-11-01,Deep House,Crosstown Rebels,1
2015-11-01,Deep House,Kompakt,1
2015-11-01,Deep House,Octogone Records,1
2015-11-01,Deep House,Suara,2
2015-11-01,Deep House,Play It Say It,1
2015-11-01,Deep House,Universal-Island Records Ltd.,1
2015-11-01,Deep House,Spinnin' Remixes,1
2015-11-01,Indie Dance / Nu Disco,Enormous Tunes,4
2015-11-01,Indie Dance / Nu Disco,Sleazy G,1
2015-11-01,Indie Dance / Nu Disco,No Definition,1
2015-11-01,Trance,Future Sound of Egypt,1
2015-11-01,Trance,Who's Afraid Of 138?!,1
2015-11-01,Progressive House,Spinnin Records,1
2015-11-01,Progressive House,Protocol Recordings,1
2015-11-01,Progressive House,Dim Mak Records,1
2015-11-01,Progressive House,Revealed Recordings,3
2015-11-01,Progressive House,Art & Music Recording,1
2015-11-01,Progressive House,Armada Trice,2
2015-11-01,Progressive House,Bedrock Records,1
2015-12-01,Indie Dance / Nu Disco,Enormous Tunes,5
2015-12-01,Indie Dance / Nu Disco,No Definition,2
2015-12-01,Electronica,R&S Records,2
2015-12-01,House,Tonspiel,1
2015-12-01,House,Spinnin Records,4
2015-12-01,House,Musical Freedom,2
2015-12-01,House,Mixmash Records,1
2015-12-01,House,Enormous Tunes,1
2015-12-01,House,SPRS,1
2015-12-01,House,Spinnin Deep (Spinnin),2
2015-12-01,House,InStereo Recordings,2
2015-12-01,House,PornoStar Records,1
2015-12-01,House,Casa Rossa,1
2015-12-01,House,Ultra,1
2015-12-01,House,Universal-Island Records Ltd.,1
2015-12-01,Electro House,Spinnin Records,3
2015-12-01,Electro House,DOORN (Spinnin),2
2015-12-01,Electro House,Smash The House,1
2015-12-01,Electro House,Earstorm/Big Beat Records,2
2015-12-01,Electro House,Darklight Recordings,1
2015-12-01,Electro House,Ministry of Sound (UK),1
2015-12-01,Electro House,Onelove,1
2015-12-01,Electro House,Universal-Island Records Ltd.,1
2015-12-01,Techno,Sudbeat Music,1
2015-12-01,Techno,Rebirth,1
2015-12-01,Techno,Toolroom Records,1
2015-12-01,Techno,Diynamic,1
2015-12-01,Techno,Truesoul,1
2015-12-01,Techno,Drumcode,5
2015-12-01,Techno,Whistleblower Records,1
2015-12-01,Techno,Systematic Recordings,1
2015-12-01,Techno,Stil Vor Talent,1
2015-12-01,Techno,8Bit,1
2015-12-01,Techno,Life And Death,1
2015-12-01,Techno,Unity Records,1
2015-12-01,Techno,Alleanza,1
2015-12-01,Techno,Tronic,1
2015-12-01,Techno,Aeon,1
2015-12-01,Deep House,Defected,1
2015-12-01,Deep House,dirtybird,1
2015-12-01,Deep House,Mother Recordings,2
2015-12-01,Deep House,Enormous Tunes,1
2015-12-01,Deep House,Bpitch Control,1
2015-12-01,Deep House,Crosstown Rebels,1
2015-12-01,Deep House,Suara,1
2015-12-01,Deep House,CUFF,1
2015-12-01,Deep House,Poker Flat Recordings,2
2015-12-01,Deep House,Cajual Records,1
2015-12-01,Deep House,Erase Records,1
2015-12-01,Deep House,Kittball,1
2015-12-01,Tech House,dirtybird,1
2015-12-01,Tech House,Do Not Sleep,1
2015-12-01,Tech House,This Ain't Bristol,1
2015-12-01,Tech House,Snatch! Records,3
2015-12-01,Tech House,Hot Creations,1
2015-12-01,Tech House,Truesoul,2
2015-12-01,Tech House,Ovum Recordings,1
2015-12-01,Tech House,Simma Black,1
2015-12-01,Tech House,Suara,2
2015-12-01,Tech House,Relief Records,2
2015-12-01,Tech House,Method White,1
2015-12-01,Tech House,Toolroom Records,4
2015-12-01,Tech House,Saved Records,1
2015-12-01,Tech House,Terminal M,1
2015-12-01,Trance,Anjunabeats,2
2015-12-01,Progressive House,Spinnin Records,2
2015-12-01,Progressive House,Armada Music,1
2015-12-01,Progressive House,Spinnin Deep (Spinnin),1
2015-12-01,Progressive House,Revealed Recordings,2
2015-12-01,Progressive House,Axtone Records,1
2015-12-01,Progressive House,Musical Freedom,1
2015-12-01,Drum & Bass,MTA Records,1